{
  "2020": {
    "weight": 1833.6000000000008
  },
  "2021": {
    "weight": 24218.800000000094
  }
}