{
  "2020": {
    "weight": 1833.6000000000008
  },
  "2021": {
    "weight": 13828.399999999958
  }
}