{
  "2020": {
    "weight": 1833.6000000000008
  },
  "2021": {
    "weight": 18412.399999999983
  }
}