{
  "2020": {
    "weight": 1833.6000000000008
  },
  "2021": {
    "weight": 26923.300000000127
  }
}