{
  "2020": {
    "weight": 1833.6000000000008
  },
  "2021": {
    "weight": 15356.39999999995
  }
}