{
  "2020": {
    "weight": 1833.6000000000008
  },
  "2021": {
    "weight": 10695.999999999973
  }
}