{
  "2020": {
    "weight": 1833.6000000000008
  },
  "2021": {
    "weight": 14821.599999999953
  }
}