{
  "2020": {
    "weight": 1833.6000000000008
  },
  "2021": {
    "weight": 24448.0000000001
  }
}