{
  "2020": {
    "weight": 1833.6000000000008
  },
  "2021": {
    "weight": 21315.60000000004
  }
}