{
  "2020": {
    "weight": 1833.6000000000008
  },
  "2021": {
    "weight": 12147.599999999966
  }
}