{
  "2020": {
    "weight": 1833.6000000000008
  },
  "2021": {
    "weight": 14057.599999999957
  }
}