{
  "2020": {
    "weight": 1833.6000000000008
  },
  "2021": {
    "weight": 14974.399999999952
  }
}