{
  "2020": {
    "weight": 1833.6000000000008
  },
  "2021": {
    "weight": 17877.599999999973
  }
}