{
  "2020": {
    "weight": 1833.6000000000008
  },
  "2021": {
    "weight": 11765.599999999968
  }
}