{
  "2020": {
    "weight": 1833.6000000000008
  },
  "2021": {
    "weight": 13522.79999999996
  }
}