{
  "2020": {
    "weight": 1833.6000000000008
  },
  "2021": {
    "weight": 23607.600000000082
  }
}