{
  "2020": {
    "weight": 1833.6000000000008
  },
  "2021": {
    "weight": 26026.900000000118
  }
}