{
  "2020": {
    "weight": 1833.6000000000008
  },
  "2021": {
    "weight": 19634.800000000007
  }
}