{
  "2020": {
    "weight": 1833.6000000000008
  },
  "2021": {
    "weight": 22461.60000000006
  }
}