{
  "1": {
    "weight": 2368.4000000000015
  },
  "2": {
    "weight": 2139.200000000001
  },
  "3": {
    "weight": 2368.4000000000015
  },
  "4": {
    "weight": 1298.8000000000002
  },
  "5": {},
  "6": {},
  "7": {},
  "8": {},
  "9": {},
  "10": {},
  "11": {},
  "12": {}
}