{
  "1": {
    "weight": 2368.4000000000015
  },
  "2": {
    "weight": 2139.200000000001
  },
  "3": {
    "weight": 2368.4000000000015
  },
  "4": {
    "weight": 2292.0000000000014
  },
  "5": {
    "weight": 2368.4000000000015
  },
  "6": {
    "weight": 2292.0000000000014
  },
  "7": {
    "weight": 2368.4000000000015
  },
  "8": {
    "weight": 458.4
  },
  "9": {},
  "10": {},
  "11": {},
  "12": {}
}