{
  "1": {
    "weight": 2368.4000000000015
  },
  "2": {
    "weight": 2139.200000000001
  },
  "3": {
    "weight": 2368.4000000000015
  },
  "4": {
    "weight": 2292.0000000000014
  },
  "5": {
    "weight": 2368.4000000000015
  },
  "6": {
    "weight": 2292.0000000000014
  },
  "7": {
    "weight": 2368.4000000000015
  },
  "8": {
    "weight": 2368.4000000000015
  },
  "9": {
    "weight": 2292.0000000000014
  },
  "10": {
    "weight": 2368.4000000000015
  },
  "11": {
    "weight": 305.6
  },
  "12": {}
}