{
  "1": {
    "weight": 2368.4000000000015
  },
  "2": {
    "weight": 2139.200000000001
  },
  "3": {
    "weight": 2368.4000000000015
  },
  "4": {
    "weight": 2292.0000000000014
  },
  "5": {
    "weight": 687.5999999999999
  },
  "6": {},
  "7": {},
  "8": {},
  "9": {},
  "10": {},
  "11": {},
  "12": {}
}