{
  "1": {
    "weight": 2240.7
  },
  "2": {
    "weight": 1990.4000000000012
  },
  "3": {
    "weight": 2168.7999999999984
  },
  "4": {
    "weight": 2087.999999999999
  },
  "5": {
    "weight": 2157.599999999999
  },
  "6": {
    "weight": 2087.999999999999
  },
  "7": {
    "weight": 2157.599999999999
  },
  "8": {
    "weight": 1879.1999999999991
  },
  "9": {},
  "10": {},
  "11": {},
  "12": {}
}