{
  "1": {
    "weight": 2240.7
  },
  "2": {
    "weight": 1990.4000000000012
  },
  "3": {
    "weight": 1403.1999999999994
  },
  "4": {},
  "5": {},
  "6": {},
  "7": {},
  "8": {},
  "9": {},
  "10": {},
  "11": {},
  "12": {}
}