{
  "1": {
    "weight": 2240.7
  },
  "2": {
    "weight": 1990.4000000000012
  },
  "3": {
    "weight": 2168.7999999999984
  },
  "4": {
    "weight": 1809.5999999999992
  },
  "5": {},
  "6": {},
  "7": {},
  "8": {},
  "9": {},
  "10": {},
  "11": {},
  "12": {}
}