{
  "2021-04-4": 0,
  "2021-04-5": 19158.935416,
  "2021-04-6": 9212.284801,
  "2021-04-7": 10944.902561,
  "2021-04-8": 15592.406525,
  "2021-04-9": 13848.851581,
  "2021-04-10": 4469.216662
}