{
  "2021-05-2": 5730.58243,
  "2021-05-3": 9443.824112,
  "2021-05-4": 14640.459982,
  "2021-05-5": 11444.263549,
  "2021-05-6": 0,
  "2021-05-7": 0,
  "2021-05-8": 0
}