{
  "2021-07-4": 0,
  "2021-07-5": 0,
  "2021-07-6": 0,
  "2021-07-7": 5548.829849,
  "2021-07-8": 10175.932361,
  "2021-07-9": 119.224182,
  "2021-07-10": 0
}