{
  "2021-08-1": 0,
  "2021-08-2": 0,
  "2021-08-3": 21615.401502,
  "2021-08-4": 16124.340585,
  "2021-08-5": 16837.396726,
  "2021-08-6": 4469.561937,
  "2021-08-7": 3076.000241
}