{
  "2021-10-3": 0,
  "2021-10-4": 10205.521438,
  "2021-10-5": 13824.25753,
  "2021-10-6": 2386.82721,
  "2021-10-7": 0,
  "2021-10-8": 0,
  "2021-10-9": 0
}