{
  "2021-11-1": 8206.045666,
  "2021-11-2": 14682.511335,
  "2021-11-3": 0,
  "2021-11-4": 0,
  "2021-11-5": 0,
  "2021-11-6": 0
}