{
  "1": 0,
  "2": 0,
  "3": 0,
  "4": 6599.878193,
  "5": 6923.07402,
  "6": 17513.372632,
  "7": 7496.358722,
  "8": 1131.660643,
  "9": 2525.676135,
  "10": 15974.816464,
  "11": 12740.927706,
  "12": 14587.790952,
  "13": 7784.700882,
  "14": 82.161114,
  "15": 6379.498826,
  "16": 14883.995261,
  "17": 15499.176738,
  "18": 0,
  "19": 0,
  "20": 0,
  "21": 0,
  "22": 0,
  "23": 0,
  "24": 0,
  "25": 0,
  "26": 0,
  "27": 0,
  "28": 0,
  "29": 0,
  "30": 0
}