{
  "1": 0,
  "2": 0,
  "3": 0,
  "4": 6599.878193,
  "5": 6923.07402,
  "6": 17513.372632,
  "7": 7496.358722,
  "8": 1131.660643,
  "9": 2525.676135,
  "10": 15974.816464,
  "11": 12740.927706,
  "12": 14587.790952,
  "13": 7784.700882,
  "14": 82.161114,
  "15": 6379.498826,
  "16": 14883.995261,
  "17": 15499.176738,
  "18": 19989.535846,
  "19": 16706.771392,
  "20": 16418.664839,
  "21": 9136.687145,
  "22": 0,
  "23": 0,
  "24": 11688.626731,
  "25": 13875.033211,
  "26": 7287.496431,
  "27": 17506.38637,
  "28": 17960.019395,
  "29": 16352.843393,
  "30": 8559.863477,
  "31": 24443.543954
}