{
  "1": 4899.098756,
  "2": 24091.447459,
  "3": 9196.093837,
  "4": 0,
  "5": 0,
  "6": 0,
  "7": 0,
  "8": 5470.407108,
  "9": 4196.518288,
  "10": 4279.394472,
  "11": 0,
  "12": 3026.428367,
  "13": 0,
  "14": 2948.978444,
  "15": 2774.258687,
  "16": 6898.998144,
  "17": 19373.758772,
  "18": 7761.994207,
  "19": 0,
  "20": 0,
  "21": 0,
  "22": 15373.528404,
  "23": 8490.158421,
  "24": 708.496178,
  "25": 19572.030273,
  "26": 2287.226482,
  "27": 0
}