{
  "1": 4899.098756,
  "2": 24091.447459,
  "3": 9196.093837,
  "4": 0,
  "5": 0,
  "6": 0,
  "7": 0,
  "8": 5470.407108,
  "9": 4196.518288,
  "10": 4279.394472,
  "11": 0,
  "12": 3026.428367,
  "13": 0,
  "14": 2948.978444,
  "15": 0,
  "16": 0,
  "17": 0,
  "18": 0,
  "19": 0,
  "20": 0,
  "21": 0,
  "22": 0,
  "23": 0,
  "24": 0,
  "25": 0,
  "26": 0,
  "27": 0
}