{
  "1": 19255.925146,
  "2": 8433.116167,
  "3": 941.361289,
  "4": 0,
  "5": 0,
  "6": 0,
  "7": 8708.433062,
  "8": 19490.459388,
  "9": 15571.20662,
  "10": 5633.642205,
  "11": 5847.476452,
  "12": 2589.396387,
  "13": 0,
  "14": 18509.970338,
  "15": 12385.742906,
  "16": 8754.148993,
  "17": 15709.541325,
  "18": 14959.870704,
  "19": 0,
  "20": 0,
  "21": 13931.164245,
  "22": 11040.943772,
  "23": 1627.929043,
  "24": 16366.005517,
  "25": 19742.161994,
  "26": 0,
  "27": 2885.737796,
  "28": 17523.655768,
  "29": 18234.512611,
  "30": 0
}