{
  "1": 15862.992628,
  "2": 0,
  "3": 0,
  "4": 0,
  "5": 0,
  "6": 0,
  "7": 17939.696219,
  "8": 8132.997283,
  "9": 0,
  "10": 0,
  "11": 9401.276215,
  "12": 13041.358073,
  "13": 10230.308636,
  "14": 12399.632825,
  "15": 708.210566,
  "16": 9075.681719,
  "17": 0,
  "18": 8699.343958,
  "19": 7386.742145,
  "20": 3278.276955,
  "21": 0,
  "22": 0,
  "23": 0,
  "24": 0,
  "25": 0,
  "26": 0,
  "27": 0,
  "28": 0,
  "29": 0
}