{
  "1": 0,
  "2": 0,
  "3": 554.652923,
  "4": 0,
  "5": 13946.489476,
  "6": 16884.807266,
  "7": 0,
  "8": 0,
  "9": 7724.972287,
  "10": 12332.657435,
  "11": 1010.238024,
  "12": 6870.659368,
  "13": 2995.728077,
  "14": 0,
  "15": 0,
  "16": 1409.173743,
  "17": 639.520347,
  "18": 0,
  "19": 0,
  "20": 0,
  "21": 0,
  "22": 0,
  "23": 0,
  "24": 0,
  "25": 0,
  "26": 0,
  "27": 0,
  "28": 0,
  "29": 0,
  "30": 0
}