{
  "1": 5298.35992,
  "2": 6496.834015,
  "3": 1673.814929,
  "4": 224.054087,
  "5": 0,
  "6": 6015.3895,
  "7": 15837.068702,
  "8": 6086.044393,
  "9": 0,
  "10": 0,
  "11": 0,
  "12": 0,
  "13": 4054.924122,
  "14": 999.374731,
  "15": 8898.513802,
  "16": 9585.907517,
  "17": 5463.253497,
  "18": 0,
  "19": 0,
  "20": 834.284318,
  "21": 0,
  "22": 0,
  "23": 39.993259,
  "24": 0,
  "25": 0,
  "26": 0,
  "27": 3537.858323,
  "28": 15380.467119,
  "29": 14648.897866,
  "30": 8424.516369
}