{
  "1": 5298.35992,
  "2": 6496.834015,
  "3": 1673.814929,
  "4": 224.054087,
  "5": 0,
  "6": 6015.3895,
  "7": 15837.068702,
  "8": 6086.044393,
  "9": 0,
  "10": 0,
  "11": 0,
  "12": 0,
  "13": 0,
  "14": 0,
  "15": 0,
  "16": 0,
  "17": 0,
  "18": 0,
  "19": 0,
  "20": 0,
  "21": 0,
  "22": 0,
  "23": 0,
  "24": 0,
  "25": 0,
  "26": 0,
  "27": 0,
  "28": 0,
  "29": 0
}