{
  "1": 0,
  "2": 0,
  "3": 0,
  "4": 765.183695,
  "5": 1295.845567,
  "6": 6222.417121,
  "7": 5478.506774,
  "8": 0,
  "9": 837.924301,
  "10": 0,
  "11": 1710.802135,
  "12": 2531.990965,
  "13": 5193.062885,
  "14": 4274.340615,
  "15": 3447.941077,
  "16": 0,
  "17": 0,
  "18": 1315.963461,
  "19": 3605.96946,
  "20": 1281.492618,
  "21": 692.825056,
  "22": 0,
  "23": 0,
  "24": 0,
  "25": 1037.82162,
  "26": 1711.562809,
  "27": 11800.215868,
  "28": 1303.008413,
  "29": 6239.002204,
  "30": 2992.809179
}