{
  "1": 0,
  "2": 0,
  "3": 0,
  "4": 765.183695,
  "5": 1295.845567,
  "6": 6222.417121,
  "7": 5478.506774,
  "8": 0,
  "9": 837.924301,
  "10": 0,
  "11": 1710.802135,
  "12": 2531.990965,
  "13": 5117.703214,
  "14": 0,
  "15": 0,
  "16": 0,
  "17": 0,
  "18": 0,
  "19": 0,
  "20": 0,
  "21": 0,
  "22": 0,
  "23": 0,
  "24": 0,
  "25": 0,
  "26": 0,
  "27": 0,
  "28": 0,
  "29": 0,
  "30": 0
}