{
  "1": 218.208988,
  "2": 15784.676049,
  "3": 592.674123,
  "4": 20502.764651,
  "5": 15244.395565,
  "6": 8944.951857,
  "7": 0,
  "8": 6528.881828,
  "9": 0,
  "10": 6706.28181,
  "11": 2213.944824,
  "12": 6859.329887,
  "13": 0,
  "14": 0,
  "15": 8120.715521,
  "16": 0.524381,
  "17": 0,
  "18": 0,
  "19": 0,
  "20": 0,
  "21": 0,
  "22": 0,
  "23": 0,
  "24": 0,
  "25": 0,
  "26": 0,
  "27": 0,
  "28": 0,
  "29": 0,
  "30": 0
}