{
  "1": 0,
  "2": 0,
  "3": 0,
  "4": 0,
  "5": 0,
  "6": 0,
  "7": 3102.050787,
  "8": 1402.321286,
  "9": 0,
  "10": 0,
  "11": 0,
  "12": 0,
  "13": 2027.724101,
  "14": 6232.122267,
  "15": 10438.073072,
  "16": 8356.639092,
  "17": 0.383665,
  "18": 0,
  "19": 6339.801787,
  "20": 6102.064437,
  "21": 1246.481734,
  "22": 569.258714,
  "23": 2888.331649,
  "24": 0,
  "25": 0,
  "26": 4767.159912,
  "27": 13879.948876,
  "28": 15828.244608,
  "29": 8819.504321
}