{
  "1": 0,
  "2": 2081.184708,
  "3": 11259.402488,
  "4": 18573.941222,
  "5": 6744.186088,
  "6": 8459.892751,
  "7": 629.425257,
  "8": 0,
  "9": 0,
  "10": 0,
  "11": 4799.074988,
  "12": 19597.473442,
  "13": 14430.317975,
  "14": 10180.21743,
  "15": 0,
  "16": 1123.875115,
  "17": 24576.789218,
  "18": 8963.932302,
  "19": 26823.212783,
  "20": 11774.007201,
  "21": 7912.45348,
  "22": 0,
  "23": 0,
  "24": 12686.410355,
  "25": 0,
  "26": 0,
  "27": 0,
  "28": 0,
  "29": 0,
  "30": 0
}