{
  "1": 9653.123318,
  "2": 543.139242,
  "3": 2594.047653,
  "4": 0,
  "5": 0,
  "6": 0,
  "7": 14391.208459,
  "8": 7115.722294,
  "9": 16534.640514,
  "10": 19942.099819,
  "11": 5372.600855,
  "12": 0,
  "13": 10109.82332,
  "14": 8758.356753,
  "15": 658.629281,
  "16": 7782.171174,
  "17": 9417.832428,
  "18": 7878.812946,
  "19": 0,
  "20": 0,
  "21": 14181.814572,
  "22": 7827.360139,
  "23": 19088.223694,
  "24": 0,
  "25": 0,
  "26": 0,
  "27": 0,
  "28": 0,
  "29": 0
}