{
  "1": 25833.849232,
  "2": 33852.151469,
  "3": 13943.454388,
  "4": 1657.538589,
  "5": 17667.961368,
  "6": 19150.416531,
  "7": 16681.144607,
  "8": 17864.43846,
  "9": 10991.781473,
  "10": 0,
  "11": 0,
  "12": 9185.286437,
  "13": 17191.728087,
  "14": 21183.241311,
  "15": 22601.847416,
  "16": 1222.912788,
  "17": 0,
  "18": 0,
  "19": 18994.857131,
  "20": 24150.708485,
  "21": 8993.011012,
  "22": 16785.618458,
  "23": 10264.748769,
  "24": 0,
  "25": 0,
  "26": 0,
  "27": 0,
  "28": 0,
  "29": 0,
  "30": 0
}