{
  "1": 0,
  "2": 0,
  "3": 20857.825199,
  "4": 12125.116056,
  "5": 9646.793579,
  "6": 8276.578907,
  "7": 2941.385712,
  "8": 0,
  "9": 13365.690994,
  "10": 16306.38085,
  "11": 14312.465554,
  "12": 13771.089063,
  "13": 21720.554717,
  "14": 7759.034101,
  "15": 0,
  "16": 17327.142677,
  "17": 15218.354315,
  "18": 5555.325708,
  "19": 7492.984482,
  "20": 0,
  "21": 0,
  "22": 620.225561,
  "23": 10422.311524,
  "24": 4904.363652,
  "25": 0,
  "26": 0,
  "27": 0,
  "28": 0,
  "29": 1195.809834,
  "30": 3486.492099,
  "31": 15284.558232
}