{
  "1": 7879.528739,
  "2": 10468.72432,
  "3": 0,
  "4": 0,
  "5": 0,
  "6": 6347.033463,
  "7": 18801.87064,
  "8": 11500.292005,
  "9": 4424.425818,
  "10": 17.805866,
  "11": 1510.692824,
  "12": 0,
  "13": 0,
  "14": 0,
  "15": 0,
  "16": 0,
  "17": 0,
  "18": 0,
  "19": 0,
  "20": 0,
  "21": 0,
  "22": 0,
  "23": 0,
  "24": 0,
  "25": 0,
  "26": 0,
  "27": 0
}