{
  "1": 7879.528739,
  "2": 10468.72432,
  "3": 0,
  "4": 0,
  "5": 0,
  "6": 6347.033463,
  "7": 18801.87064,
  "8": 11500.292005,
  "9": 4424.425818,
  "10": 17.805866,
  "11": 1510.692824,
  "12": 0,
  "13": 5150.858473,
  "14": 6453.982452,
  "15": 1012.602647,
  "16": 5173.903138,
  "17": 1151.017095,
  "18": 0,
  "19": 0,
  "20": 2665.90033,
  "21": 0,
  "22": 10270.365263,
  "23": 0,
  "24": 172.501944,
  "25": 0,
  "26": 0,
  "27": 0
}