{
  "1": 8629.40368,
  "2": 10748.394932,
  "3": 2371.392299,
  "4": 3847.900431,
  "5": 0,
  "6": 217.358615,
  "7": 1842.382028,
  "8": 0,
  "9": 0,
  "10": 0,
  "11": 0,
  "12": 0,
  "13": 10403.54565,
  "14": 4024.269302,
  "15": 3199.869419,
  "16": 8257.943176,
  "17": 2104.894889,
  "18": 5.468396,
  "19": 0,
  "20": 0,
  "21": 0,
  "22": 0,
  "23": 0,
  "24": 0,
  "25": 0,
  "26": 0,
  "27": 0,
  "28": 0,
  "29": 0,
  "30": 0
}