{
  "2023-01-1": 0,
  "2023-01-2": 0,
  "2023-01-3": 20857.825199,
  "2023-01-4": 12125.116056,
  "2023-01-5": 9646.793579,
  "2023-01-6": 0,
  "2023-01-7": 0
}