{
  "1": 0,
  "2": 0,
  "3": 0,
  "4": 292229.3708999999,
  "5": 226262.584393,
  "6": 385274.690749,
  "7": 237114.19794,
  "8": 332992.37839299993,
  "9": 321408.840549,
  "10": 115675.45237699998,
  "11": 127609.20231200001,
  "12": 0
}