{
  "1": 0,
  "2": 0,
  "3": 0,
  "4": 292229.3708999999,
  "5": 226262.584393,
  "6": 166921.59370300002,
  "7": 0,
  "8": 0,
  "9": 0,
  "10": 0,
  "11": 0,
  "12": 0
}