{
  "1": 0,
  "2": 0,
  "3": 0,
  "4": 292229.3708999999,
  "5": 226262.584393,
  "6": 385274.690749,
  "7": 237114.19794,
  "8": 259915.75072099996,
  "9": 0,
  "10": 0,
  "11": 0,
  "12": 0
}