{
  "1": 310048.560472,
  "2": 152259.856958,
  "3": 222384.23334900002,
  "4": 0,
  "5": 0,
  "6": 0,
  "7": 0,
  "8": 0,
  "9": 0,
  "10": 0,
  "11": 0,
  "12": 0
}