{
  "1": 310048.560472,
  "2": 152259.856958,
  "3": 275360.48466500005,
  "4": 184307.086228,
  "5": 554.652923,
  "6": 0,
  "7": 0,
  "8": 0,
  "9": 0,
  "10": 0,
  "11": 0,
  "12": 0
}