{
  "1": 310048.560472,
  "2": 152259.856958,
  "3": 275360.48466500005,
  "4": 184307.086228,
  "5": 112012.05532399999,
  "6": 113499.556469,
  "7": 69457.070697,
  "8": 127960.245506,
  "9": 102775.02514700002,
  "10": 215977.09001400002,
  "11": 267349.62338400004,
  "12": 271294.670376
}