{
  "1": 310048.560472,
  "2": 152259.856958,
  "3": 275360.48466500005,
  "4": 184307.086228,
  "5": 112012.05532399999,
  "6": 113499.556469,
  "7": 41403.650159000004,
  "8": 0,
  "9": 0,
  "10": 0,
  "11": 0,
  "12": 0
}