{
  "1": 310048.560472,
  "2": 52132.95992,
  "3": 0,
  "4": 0,
  "5": 0,
  "6": 0,
  "7": 0,
  "8": 0,
  "9": 0,
  "10": 0,
  "11": 0,
  "12": 0
}