{
  "1": 222867.85197499997,
  "2": 113583.15581500002,
  "3": 79584.101544,
  "4": 0,
  "5": 0,
  "6": 0,
  "7": 0,
  "8": 0,
  "9": 0,
  "10": 0,
  "11": 0,
  "12": 0
}