{
  "1": 0,
  "2": 0,
  "3": 0,
  "4": 0,
  "5": 19158.935416,
  "6": 9212.284801,
  "7": 10944.902561,
  "8": 15592.406525,
  "9": 13848.851581,
  "10": 4469.216662,
  "11": 7471.841393,
  "12": 22468.466463,
  "13": 11538.47464,
  "14": 21918.32921,
  "15": 10680.847537,
  "16": 20680.095497,
  "17": 13701.776268,
  "18": 76.796551,
  "19": 13224.575434,
  "20": 14567.615184,
  "21": 0,
  "22": 0,
  "23": 0,
  "24": 0,
  "25": 0,
  "26": 0,
  "27": 0,
  "28": 0,
  "29": 0
}