{
  "1": 1121.228625,
  "2": 5730.58243,
  "3": 9443.824112,
  "4": 14640.459982,
  "5": 11444.263549,
  "6": 8005.152049,
  "7": 0,
  "8": 0,
  "9": 0,
  "10": 8320.062663,
  "11": 13145.598898,
  "12": 2470.334826,
  "13": 9674.595195,
  "14": 1808.530932,
  "15": 0,
  "16": 0,
  "17": 18175.165821,
  "18": 9550.759968,
  "19": 3877.097356,
  "20": 21288.715003,
  "21": 0,
  "22": 0,
  "23": 0,
  "24": 0,
  "25": 20050.672692,
  "26": 7872.915138,
  "27": 0,
  "28": 0,
  "29": 0,
  "30": 0
}