{
  "1": 1121.228625,
  "2": 5730.58243,
  "3": 9443.824112,
  "4": 14640.459982,
  "5": 11444.263549,
  "6": 8005.152049,
  "7": 0,
  "8": 0,
  "9": 0,
  "10": 8320.062663,
  "11": 13145.598898,
  "12": 2470.334826,
  "13": 0,
  "14": 0,
  "15": 0,
  "16": 0,
  "17": 0,
  "18": 0,
  "19": 0,
  "20": 0,
  "21": 0,
  "22": 0,
  "23": 0,
  "24": 0,
  "25": 0,
  "26": 0,
  "27": 0,
  "28": 0,
  "29": 0,
  "30": 0
}