{
  "1": 21909.562342,
  "2": 13322.709121,
  "3": 12589.61551,
  "4": 4629.954196,
  "5": 0,
  "6": 27.286235,
  "7": 18277.177539,
  "8": 24739.839969,
  "9": 13897.505283,
  "10": 15307.304778,
  "11": 3090.941363,
  "12": 0,
  "13": 0,
  "14": 17274.040065,
  "15": 24630.818494,
  "16": 15236.995735,
  "17": 14060.946218,
  "18": 13964.587968,
  "19": 16495.172413,
  "20": 5740.24355,
  "21": 20571.474496,
  "22": 0,
  "23": 0,
  "24": 0,
  "25": 0,
  "26": 0,
  "27": 0,
  "28": 0,
  "29": 0
}