{
  "1": 0,
  "2": 0,
  "3": 0,
  "4": 0,
  "5": 0,
  "6": 0,
  "7": 5548.829849,
  "8": 10175.932361,
  "9": 119.224182,
  "10": 1104.148395,
  "11": 0,
  "12": 11073.778141,
  "13": 12163.624453,
  "14": 11757.630917,
  "15": 27672.527722,
  "16": 5128.854746,
  "17": 0,
  "18": 0,
  "19": 15061.349238,
  "20": 19595.035811,
  "21": 12459.881098,
  "22": 10568.344728,
  "23": 1988.602302,
  "24": 0,
  "25": 0,
  "26": 9769.049484,
  "27": 0,
  "28": 0,
  "29": 0,
  "30": 0
}