{
  "1": 0,
  "2": 0,
  "3": 0,
  "4": 0,
  "5": 0,
  "6": 0,
  "7": 5548.829849,
  "8": 10175.932361,
  "9": 119.224182,
  "10": 1104.148395,
  "11": 0,
  "12": 11073.778141,
  "13": 12163.624453,
  "14": 11757.630917,
  "15": 27672.527722,
  "16": 5128.854746,
  "17": 0,
  "18": 0,
  "19": 13959.183585,
  "20": 0,
  "21": 0,
  "22": 0,
  "23": 0,
  "24": 0,
  "25": 0,
  "26": 0,
  "27": 0,
  "28": 0,
  "29": 0,
  "30": 0
}