{
  "1": 0,
  "2": 0,
  "3": 21615.401502,
  "4": 16124.340585,
  "5": 16837.396726,
  "6": 4469.561937,
  "7": 3076.000241,
  "8": 4782.49891,
  "9": 15846.740687,
  "10": 21407.028101,
  "11": 9405.52904,
  "12": 10208.686677,
  "13": 19400.261209,
  "14": 0,
  "15": 0,
  "16": 23826.668904,
  "17": 4761.963475,
  "18": 21610.639592,
  "19": 16619.961399,
  "20": 10704.563792,
  "21": 0,
  "22": 0,
  "23": 20080.873509,
  "24": 0,
  "25": 0,
  "26": 0,
  "27": 0,
  "28": 0,
  "29": 0,
  "30": 0
}