{
  "1": 0,
  "2": 0,
  "3": 21615.401502,
  "4": 16124.340585,
  "5": 16837.396726,
  "6": 4469.561937,
  "7": 3076.000241,
  "8": 4782.49891,
  "9": 15846.740687,
  "10": 0,
  "11": 0,
  "12": 0,
  "13": 0,
  "14": 0,
  "15": 0,
  "16": 0,
  "17": 0,
  "18": 0,
  "19": 0,
  "20": 0,
  "21": 0,
  "22": 0,
  "23": 0,
  "24": 0,
  "25": 0,
  "26": 0,
  "27": 0,
  "28": 0,
  "29": 0,
  "30": 0
}