{
  "1": 13.658598,
  "2": 18033.038412,
  "3": 491.51212,
  "4": 0,
  "5": 0,
  "6": 0,
  "7": 10633.312858,
  "8": 20039.463758,
  "9": 17101.198514,
  "10": 19989.314231,
  "11": 0,
  "12": 0,
  "13": 24006.231564,
  "14": 8822.192957,
  "15": 18526.463268,
  "16": 16057.619884,
  "17": 23180.011709,
  "18": 0,
  "19": 0,
  "20": 18770.375822,
  "21": 16802.936463,
  "22": 10896.190598,
  "23": 11872.963825,
  "24": 10228.785427,
  "25": 2823.327004,
  "26": 0,
  "27": 18695.775893,
  "28": 22446.763235,
  "29": 3195.160822
}