{
  "1": 13.658598,
  "2": 18033.038412,
  "3": 491.51212,
  "4": 0,
  "5": 0,
  "6": 0,
  "7": 10633.312858,
  "8": 20039.463758,
  "9": 17101.198514,
  "10": 0,
  "11": 0,
  "12": 0,
  "13": 0,
  "14": 0,
  "15": 0,
  "16": 0,
  "17": 0,
  "18": 0,
  "19": 0,
  "20": 0,
  "21": 0,
  "22": 0,
  "23": 0,
  "24": 0,
  "25": 0,
  "26": 0,
  "27": 0,
  "28": 0,
  "29": 0
}