{
  "1": 8749.348337,
  "2": 0,
  "3": 0,
  "4": 10205.521438,
  "5": 13824.25753,
  "6": 2386.82721,
  "7": 3277.899864,
  "8": 0,
  "9": 0,
  "10": 0,
  "11": 0,
  "12": 9890.213018,
  "13": 4243.929964,
  "14": 4376.089958,
  "15": 3493.263994,
  "16": 0,
  "17": 0.07374,
  "18": 3083.725211,
  "19": 0,
  "20": 0,
  "21": 999.51554,
  "22": 5306.140397,
  "23": 0,
  "24": 0,
  "25": 19612.339553,
  "26": 7455.169753,
  "27": 6674.610282,
  "28": 3768.448166,
  "29": 8185.955093,
  "30": 142.123329
}