{
  "1": 8749.348337,
  "2": 0,
  "3": 0,
  "4": 10205.521438,
  "5": 13824.25753,
  "6": 2386.82721,
  "7": 3277.899864,
  "8": 0,
  "9": 0,
  "10": 0,
  "11": 0,
  "12": 9890.213018,
  "13": 4243.929964,
  "14": 4376.089958,
  "15": 3493.263994,
  "16": 0,
  "17": 0,
  "18": 0,
  "19": 0,
  "20": 0,
  "21": 0,
  "22": 0,
  "23": 0,
  "24": 0,
  "25": 0,
  "26": 0,
  "27": 0,
  "28": 0,
  "29": 0,
  "30": 0
}