{
  "1": 8206.045666,
  "2": 14682.511335,
  "3": 5315.541625,
  "4": 14970.164154,
  "5": 0,
  "6": 0,
  "7": 0,
  "8": 11081.570142,
  "9": 16108.864976,
  "10": 397.881078,
  "11": 1210.500727,
  "12": 5902.569437,
  "13": 7212.062546,
  "14": 0,
  "15": 21155.038254,
  "16": 8187.682881,
  "17": 7141.704218,
  "18": 6037.065273,
  "19": 0,
  "20": 0,
  "21": 187.006874,
  "22": 6474.460832,
  "23": 4257.514279,
  "24": 19337.554474,
  "25": 13536.498609,
  "26": 0,
  "27": 0,
  "28": 0,
  "29": 0
}