{
  "1": 8206.045666,
  "2": 14682.511335,
  "3": 5315.541625,
  "4": 14970.164154,
  "5": 0,
  "6": 0,
  "7": 0,
  "8": 11081.570142,
  "9": 16108.864976,
  "10": 0,
  "11": 0,
  "12": 0,
  "13": 0,
  "14": 0,
  "15": 0,
  "16": 0,
  "17": 0,
  "18": 0,
  "19": 0,
  "20": 0,
  "21": 0,
  "22": 0,
  "23": 0,
  "24": 0,
  "25": 0,
  "26": 0,
  "27": 0,
  "28": 0,
  "29": 0
}