{
  "1": 3093.63892,
  "2": 1091.378781,
  "3": 11724.251387,
  "4": 0,
  "5": 0,
  "6": 12191.934947,
  "7": 3664.565755,
  "8": 1746.410574,
  "9": 3651.044116,
  "10": 3397.856487,
  "11": 7128.649836,
  "12": 0,
  "13": 12879.412084,
  "14": 2306.73615,
  "15": 0,
  "16": 0,
  "17": 0,
  "18": 0,
  "19": 0,
  "20": 9690.203614,
  "21": 1511.155073,
  "22": 0,
  "23": 0,
  "24": 0,
  "25": 0,
  "26": 0,
  "27": 0,
  "28": 0,
  "29": 0,
  "30": 0
}