{
  "2022-04-3": 0,
  "2022-04-4": 0,
  "2022-04-5": 0,
  "2022-04-6": 0,
  "2022-04-7": 17939.696219,
  "2022-04-8": 8132.997283,
  "2022-04-9": 0
}