{
  "2022-05-1": 0,
  "2022-05-2": 0,
  "2022-05-3": 554.652923,
  "2022-05-4": 0,
  "2022-05-5": 13946.489476,
  "2022-05-6": 0,
  "2022-05-7": 0
}