{
  "2022-01-2": 0,
  "2022-01-3": 0,
  "2022-01-4": 6599.878193,
  "2022-01-5": 6923.07402,
  "2022-01-6": 17495.887549,
  "2022-01-7": 0,
  "2022-01-8": 0
}