{
  "2022-07-3": 0,
  "2022-07-4": 765.183695,
  "2022-07-5": 1295.845567,
  "2022-07-6": 6222.417121,
  "2022-07-7": 0,
  "2022-07-8": 0,
  "2022-07-9": 0
}