{
  "2022-07-31": 1156.769418,
  "2022-08-1": 218.208988,
  "2022-08-2": 15784.676049,
  "2022-08-3": 0,
  "2022-08-4": 0,
  "2022-08-5": 0,
  "2022-08-6": 0
}