{
  "2022-09-4": 0,
  "2022-09-5": 0,
  "2022-09-6": 0,
  "2022-09-7": 3102.050787,
  "2022-09-8": 1402.321286,
  "2022-09-9": 0,
  "2022-09-10": 0
}