{
  "2022-10-2": 2081.184708,
  "2022-10-3": 11259.402488,
  "2022-10-4": 0,
  "2022-10-5": 0,
  "2022-10-6": 0,
  "2022-10-7": 0,
  "2022-10-8": 0
}