{
  "2022-10-2": 2081.184708,
  "2022-10-3": 11259.402488,
  "2022-10-4": 18573.941222,
  "2022-10-5": 6744.186088,
  "2022-10-6": 8459.892751,
  "2022-10-7": 629.425257,
  "2022-10-8": 0
}