{
  "2022-12-4": 1657.538589,
  "2022-12-5": 17667.961368,
  "2022-12-6": 19150.416531,
  "2022-12-7": 16681.144607,
  "2022-12-8": 17610.59311,
  "2022-12-9": 0,
  "2022-12-10": 0
}