{
  "2022-12-4": 1657.538589,
  "2022-12-5": 15651.048121,
  "2022-12-6": 0,
  "2022-12-7": 0,
  "2022-12-8": 0,
  "2022-12-9": 0,
  "2022-12-10": 0
}