{
  "2021": 2205522.4264519997,
  "2022": 1300055.8077419996
}