{
  "2021": 2205522.4264519997,
  "2022": 1104621.5828620004
}