{
  "2021": 2205522.4264519997,
  "2022": 1331353.8785059997
}