{
  "2021": 2205522.4264519997,
  "2022": 953361.9379880001
}