{
  "2021": 2205522.4264519997,
  "2022": 1654188.9066919994
}