{
  "2021": 2205522.4264519997,
  "2022": 1494798.5487229994
}