{
  "2021": 2205522.4264519997,
  "2022": 1663657.0314799997
}