{
  "2021": 2205522.4264519997,
  "2022": 1660007.5944719994
}