{
  "2021": 2205522.4264519997,
  "2022": 850547.1423620001
}