{
  "2021": 2205522.4264519997,
  "2022": 973419.5677100001
}