{
  "2021": 2205522.4264519997,
  "2022": 365207.94875900005
}