{
  "2021": 2205522.4264519997,
  "2022": 1016718.1683530002
}