{
  "2021": 2205522.4264519997,
  "2022": 1171447.973888
}