{
  "2021": 2205522.4264519997,
  "2022": 1800160.2938809998
}