{
  "2021": 2205522.4264519997,
  "2022": 1344451.7415299998
}