{
  "2021": 2205522.4264519997,
  "2022": 1155771.0464990002
}