{
  "2021": 2205522.4264519997,
  "2022": 853825.4193170001
}