{
  "2021": 2205522.4264519997,
  "2022": 1003251.5241920002
}