{
  "2021": 2205522.4264519997,
  "2022": 1956840.504096
}