{
  "2021": 2205522.4264519997,
  "2022": 2239223.3508750005
}