{
  "2021": 2205522.4264519997,
  "2022": 702216.3065470002
}