{
  "2021": 2205522.4264519997,
  "2022": 5615.527334
}