{
  "2021": 2205522.4264519997,
  "2022": 1045783.2375820001
}