{
  "2021": 2205522.4264519997,
  "2022": 217938.40745199998
}