{
  "2021": 2205522.4264519997,
  "2022": 1139063.0837470002
}