{
  "2021": 2205522.4264519997,
  "2022": 1147487.6001160003
}