{
  "2021": 2205522.4264519997,
  "2022": 1697954.2724459998
}