{
  "2021": 2205522.4264519997,
  "2022": 113881.538599
}