{
  "2021": 2205522.4264519997,
  "2022": 1089572.4218480003
}