{
  "2021": 2205522.4264519997,
  "2022": 788852.1391280002
}