{
  "2021": 2205522.4264519997,
  "2022": 546190.0377590002
}