{
  "2021": 2205522.4264519997,
  "2022": 31018.839762
}