{
  "2021": 2205522.4264519997,
  "2022": 771471.5909420002
}