{
  "2021": 2205522.4264519997,
  "2022": 2160034.4070200003
}