{
  "2021": 2205522.4264519997,
  "2022": 1033988.0436470001
}