{
  "2021": 2205522.4264519997,
  "2022": 1122681.8275040004
}