{
  "2021": 2205522.4264519997,
  "2022": 1184167.548172
}