{
  "2021": 2205522.4264519997,
  "2022": 2158811.4942320003
}