{
  "2021": 2205522.4264519997,
  "2022": 1216944.670813
}