{
  "2021": 2205522.4264519997,
  "2022": 1033073.3869440001
}