{
  "2021": 2205522.4264519997,
  "2022": 604138.8377080002
}