{
  "2021": 2205522.4264519997,
  "2022": 2239593.7455560006
}