{
  "2021": 2205522.4264519997,
  "2022": 1185449.04079
}