{
  "2021": 2205522.4264519997,
  "2022": 1052173.243426
}