{
  "2021": 2205522.4264519997,
  "2022": 720450.8191580002
}