{
  "2021": 2205522.4264519997,
  "2022": 182798.21167299998
}