{
  "2021": 2205522.4264519997,
  "2022": 922530.6412460002
}