{
  "2021": 2205522.4264519997,
  "2022": 1039286.4035670001
}