{
  "2021": 2205522.4264519997,
  "2022": 1579099.6544499993
}