{
  "2021": 2205522.4264519997,
  "2022": 1617696.8744339994
}