{
  "2021": 2205522.4264519997,
  "2022": 1098696.0010290002
}