{
  "2021": 2205522.4264519997,
  "2022": 397203.9428060001
}