{
  "2021": 2205522.4264519997,
  "2022": 986344.887269
}