{
  "2021": 2205522.4264519997,
  "2022": 1847268.1538399998
}