{
  "2021": 2205522.4264519997,
  "2022": 824677.1639740001
}