{
  "2021": 2205522.4264519997,
  "2022": 519137.71248200024
}