{
  "2021": 2205522.4264519997,
  "2022": 1376463.8469239997
}