{
  "2021": 2205522.4264519997,
  "2022": 779604.5882250002
}