{
  "2021": 2205522.4264519997,
  "2022": 1749209.6112570001
}