{
  "2021": 2205522.4264519997,
  "2022": 1201994.474556
}