{
  "2021": 2205522.4264519997,
  "2022": 834461.0562590001
}