{
  "2021": 2205522.4264519997,
  "2022": 1638295.7382689994
}