{
  "2021": 2205522.4264519997,
  "2022": 1642520.0251699993
}