{
  "2021": 2205522.4264519997,
  "2022": 1436905.0266269997
}