{
  "2021": 2205522.4264519997,
  "2022": 2115026.405505
}