{
  "2021": 2205522.4264519997,
  "2022": 1269287.3901889997
}