{
  "2021": 2205522.4264519997,
  "2022": 1316176.3254209997
}