{
  "2021": 2205522.4264519997,
  "2022": 1412257.2776979997
}