{
  "2021": 2205522.4264519997,
  "2022": 681806.9129830002
}