{
  "2021": 2205522.4264519997,
  "2022": 1382804.0323759997
}