{
  "2021": 2205522.4264519997,
  "2022": 1105455.8671800005
}