{
  "2021": 2205522.4264519997,
  "2022": 451397.37677100016
}