{
  "2021": 2205522.4264519997,
  "2022": 2006293.648542
}