{
  "2021": 2205522.4264519997,
  "2022": 1186141.865846
}