{
  "2021": 2205522.4264519997,
  "2022": 1308662.0202969997
}