{
  "2021": 2205522.4264519997,
  "2022": 428829.6238380001
}