{
  "2021": 2205522.4264519997,
  "2022": 753531.8947230001
}