{
  "2021": 2205522.4264519997,
  "2022": 548779.4341460002
}