{
  "2021": 2205522.4264519997,
  "2022": 1479290.4813299996
}