{
  "2021": 2205522.4264519997,
  "2022": 633029.8726570002
}