{
  "2021": 2205522.4264519997,
  "2022": 429538.1200160001
}