{
  "2021": 2205522.4264519997,
  "2022": 1340219.2129769998
}