{
  "2021": 2205522.4264519997,
  "2022": 368156.92720300006
}