{
  "2021": 2205522.4264519997,
  "2022": 1376464.2305889998
}