{
  "2021": 2205522.4264519997,
  "2022": 825385.3745400001
}