{
  "2021": 2205522.4264519997,
  "2022": 490938.8200320002
}