{
  "2021": 2205522.4264519997,
  "2022": 737668.9020950001
}