{
  "2021": 2205522.4264519997,
  "2022": 2177103.8824460004
}