{
  "2021": 2205522.4264519997,
  "2022": 499647.2530940002
}