{
  "2021": 2205522.4264519997,
  "2022": 802047.2225130001
}