{
  "2021": 2205522.4264519997,
  "2022": 2054785.744697
}