{
  "2021": 2205522.4264519997,
  "2022": 619098.7084120002
}