{
  "2021": 2205522.4264519997,
  "2022": 1148611.4798520003
}