{
  "2021": 2205522.4264519997,
  "2022": 1388906.0968129998
}