{
  "2021": 2205522.4264519997,
  "2022": 1278232.3420459996
}