{
  "2021": 2205522.4264519997,
  "2022": 362181.52039200003
}