{
  "2021": 2205522.4264519997,
  "2022": 1162087.4775740001
}