{
  "2021": 2205522.4264519997,
  "2022": 370931.1858900001
}