{
  "2021": 2205522.4264519997,
  "2022": 896331.8387450001
}