{
  "2021": 2205522.4264519997,
  "2022": 1293681.4505079996
}