{
  "2021": 2205522.4264519997,
  "2022": 1625609.3279139993
}