{
  "2021": 2205522.4264519997,
  "2022": 2248179.4342300007
}