{
  "2021": 2205522.4264519997,
  "2022": 203601.47756499998
}