{
  "2021": 2205522.4264519997,
  "2022": 1300540.7803949995
}