{
  "2021": 2205522.4264519997,
  "2022": 1291467.5056839997
}