{
  "2021": 2205522.4264519997,
  "2022": 1003141.0534030001
}