{
  "2021": 2205522.4264519997,
  "2022": 1739803.613634
}