{
  "2021": 2205522.4264519997,
  "2022": 377823.8492300001
}