{
  "2021": 2205522.4264519997,
  "2022": 481564.34257600014
}