{
  "2021": 2205522.4264519997,
  "2022": 684692.6507790001
}