{
  "2021": 2205522.4264519997,
  "2022": 276625.683038
}