{
  "2021": 2205522.4264519997,
  "2022": 1368019.8703439997
}