{
  "2021": 2205522.4264519997,
  "2022": 1461020.5286619996
}