{
  "2021": 2205522.4264519997,
  "2022": 348235.200524
}