{
  "2021": 2205522.4264519997,
  "2022": 1254042.9946239998
}