{
  "2021": 2205522.4264519997,
  "2022": 1199534.15941
}