{
  "2021": 2205522.4264519997,
  "2022": 1534254.8403849995
}