{
  "2021": 2205522.4264519997,
  "2022": 1047457.0525110001
}