{
  "2021": 2205522.4264519997,
  "2022": 1605922.8672329993
}