{
  "2021": 2205522.4264519997,
  "2022": 1233293.176697
}