{
  "2021": 2205522.4264519997,
  "2022": 242732.29025299998
}