{
  "2021": 2205522.4264519997,
  "2022": 1161249.553273
}