{
  "2021": 2205522.4264519997,
  "2022": 420339.4654170001
}