{
  "2021": 2205522.4264519997,
  "2022": 166819.39552599998
}