{
  "2021": 2205522.4264519997,
  "2022": 1109033.7187620003
}