{
  "2021": 2205522.4264519997,
  "2022": 662064.7509890002
}