{
  "2021": 2205522.4264519997,
  "2022": 1208233.47676
}