{
  "2021": 2205522.4264519997,
  "2022": 1673310.1547979997
}