{
  "2021": 2205522.4264519997,
  "2022": 2266716.2825830006
}