{
  "2021": 2205522.4264519997,
  "2022": 2228958.6021060003
}