{
  "2021": 2205522.4264519997,
  "2022": 981300.465102
}