{
  "2021": 2205522.4264519997,
  "2022": 961086.9102750001
}