{
  "2021": 2205522.4264519997,
  "2022": 2202301.3252400006
}