{
  "2021": 2205522.4264519997,
  "2022": 1564671.3990669993
}