{
  "2021": 2205522.4264519997,
  "2022": 1825506.6379409998
}