{
  "2021": 2205522.4264519997,
  "2022": 1105495.8604390004
}