{
  "2021": 2205522.4264519997,
  "2022": 1284761.2238739997
}