{
  "2021": 2205522.4264519997,
  "2022": 1348006.9671059998
}