{
  "2021": 2205522.4264519997,
  "2022": 1887788.5345629998
}