{
  "2021": 2205522.4264519997,
  "2022": 1306800.0680889995
}