{
  "2021": 2205522.4264519997,
  "2022": 1428085.5223059996
}