{
  "2021": 2205522.4264519997,
  "2022": 449110.1502890001
}