{
  "2021": 2205522.4264519997,
  "2022": 588429.2963830002
}