{
  "2021": 2205522.4264519997,
  "2022": 732430.6092480002
}