{
  "2021": 2205522.4264519997,
  "2022": 644070.8164290002
}