{
  "2021": 2205522.4264519997,
  "2022": 1544435.0578149995
}