{
  "2021": 2205522.4264519997,
  "2022": 2088649.3909810001
}