{
  "2021": 2205522.4264519997,
  "2022": 1449761.1261739996
}