{
  "2021": 2205522.4264519997,
  "2022": 404965.93701300013
}