{
  "2021": 2205522.4264519997,
  "2022": 985705.3669220001
}