{
  "2021": 2205522.4264519997,
  "2022": 1732796.8116829998
}