{
  "2021": 2205522.4264519997,
  "2022": 150112.62413399998
}