{
  "2021": 2205522.4264519997,
  "2022": 1676447.3416929997
}