{
  "2021": 2205522.4264519997,
  "2022": 1180561.578712
}