{
  "2021": 2205522.4264519997,
  "2022": 1390721.8372609997
}