{
  "2021": 2205522.4264519997,
  "2022": 462308.41743000015
}