{
  "2021": 2205522.4264519997,
  "2022": 1447679.9414659997
}