{
  "2021": 2205522.4264519997,
  "2022": 1148252.7838110002
}