{
  "2021": 2205522.4264519997,
  "2022": 540342.5613070002
}