{
  "2021": 2205522.4264519997,
  "2022": 1662676.3267269996
}