{
  "2021": 2205522.4264519997,
  "2022": 911700.9225010001
}