{
  "2021": 2205522.4264519997,
  "2022": 812277.5311490002
}