{
  "2021": 2205522.4264519997,
  "2022": 1798591.054108
}