{
  "2021": 2205522.4264519997,
  "2022": 1232947.55585
}