{
  "2021": 2205522.4264519997,
  "2022": 1163798.2797090001
}