{
  "2021": 2205522.4264519997,
  "2022": 2136209.6468160003
}