{
  "2021": 2205522.4264519997,
  "2022": 2212172.9836480003
}