{
  "2021": 2205522.4264519997,
  "2022": 1000995.5744970001
}