{
  "2021": 2205522.4264519997,
  "2022": 1335557.2979799998
}