{
  "2021": 2205522.4264519997,
  "2022": 489997.45874300017
}