{
  "2021": 2205522.4264519997,
  "2022": 645698.7454720002
}